Symbol,Base Asset,Quote Asset,Status,Min Price,Max Price,Tick Size,Min Qty,Max Qty,Step Size,Min Notional
BTCUSDT,BTC,USDT,TRADING,0.01000000,1000000.00000000,0.01000000,0.00001000,9000.00000000,0.00001000,
ETHUSDT,ETH,USDT,TRADING,0.01000000,1000000.00000000,0.01000000,0.00010000,9000.00000000,0.00010000,
BNBUSDT,BNB,USDT,TRADING,0.01000000,100000.00000000,0.01000000,0.00100000,900000.00000000,0.00100000,
BCCUSDT,BCC,USDT,BREAK,0.01000000,100000.00000000,0.01000000,0.00001000,90000.00000000,0.00001000,
NEOUSDT,NEO,USDT,TRADING,0.01000000,10000.00000000,0.01000000,0.01000000,90000.00000000,0.01000000,
LTCUSDT,LTC,USDT,TRADING,0.01000000,100000.00000000,0.01000000,0.00100000,90000.00000000,0.00100000,
QTUMUSDT,QTUM,USDT,TRADING,0.00100000,10000.00000000,0.00100000,0.10000000,90000.00000000,0.10000000,
ADAUSDT,ADA,USDT,TRADING,0.00010000,1000.00000000,0.00010000,0.10000000,900000.00000000,0.10000000,
XRPUSDT,XRP,USDT,TRADING,0.00010000,10000.00000000,0.00010000,1.00000000,9222449.00000000,1.00000000,
EOSUSDT,EOS,USDT,TRADING,0.00010000,1000.00000000,0.00010000,0.10000000,900000.00000000,0.10000000,
TUSDUSDT,TUSD,USDT,TRADING,0.70000000,1.30000000,0.00010000,1.00000000,10000000.00000000,1.00000000,
IOTAUSDT,IOTA,USDT,TRADING,0.00010000,1000.00000000,0.00010000,1.00000000,900000.00000000,1.00000000,
XLMUSDT,XLM,USDT,TRADING,0.00010000,1000.00000000,0.00010000,1.00000000,9000000.00000000,1.00000000,
ONTUSDT,ONT,USDT,TRADING,0.00010000,1000.00000000,0.00010000,1.00000000,900000.00000000,1.00000000,
TRXUSDT,TRX,USDT,TRADING,0.00010000,1000.00000000,0.00010000,0.10000000,9000000.00000000,0.10000000,
ETCUSDT,ETC,USDT,TRADING,0.01000000,10000.00000000,0.01000000,0.01000000,90000.00000000,0.01000000,
ICXUSDT,ICX,USDT,TRADING,0.00010000,1000.00000000,0.00010000,0.10000000,900000.00000000,0.10000000,
VENUSDT,VEN,USDT,BREAK,0.00010000,1000.00000000,0.00010000,0.01000000,900000.00000000,0.01000000,
NULSUSDT,NULS,USDT,TRADING,0.00010000,1000.00000000,0.00010000,1.00000000,900000.00000000,1.00000000,
VETUSDT,VET,USDT,TRADING,0.00001000,1000.00000000,0.00001000,0.10000000,9000000.00000000,0.10000000,
PAXUSDT,PAX,USDT,BREAK,0.70000000,1.30000000,0.00010000,0.01000000,900000.00000000,0.01000000,
BCHABCUSDT,BCHABC,USDT,BREAK,0.01000000,100000.00000000,0.01000000,0.00001000,90000.00000000,0.00001000,
BCHSVUSDT,BCHSV,USDT,BREAK,0.01000000,1000.00000000,0.01000000,0.00001000,92141578.00000000,0.00001000,
USDCUSDT,USDC,USDT,TRADING,0.00010000,1000.00000000,0.00010000,1.00000000,10000000.00000000,1.00000000,
LINKUSDT,LINK,USDT,TRADING,0.01000000,10000.00000000,0.01000000,0.01000000,90000.00000000,0.01000000,
WAVESUSDT,WAVES,USDT,BREAK,0.00100000,10000.00000000,0.00100000,0.01000000,90000.00000000,0.01000000,
BTTUSDT,BTT,USDT,BREAK,0.00000100,1000.00000000,0.00000100,1.00000000,92141578.00000000,1.00000000,
USDSUSDT,USDS,USDT,BREAK,0.00010000,1000.00000000,0.00010000,0.01000000,900000.00000000,0.01000000,
ONGUSDT,ONG,USDT,TRADING,0.00010000,1000.00000000,0.00010000,1.00000000,900000.00000000,1.00000000,
HOTUSDT,HOT,USDT,TRADING,0.00000100,1000.00000000,0.00000100,1.00000000,92141578.00000000,1.00000000,
ZILUSDT,ZIL,USDT,TRADING,0.00001000,1000.00000000,0.00001000,0.10000000,9000000.00000000,0.10000000,
ZRXUSDT,ZRX,USDT,TRADING,0.00010000,1000.00000000,0.00010000,1.00000000,900000.00000000,1.00000000,
FETUSDT,FET,USDT,TRADING,0.00100000,1000.00000000,0.00100000,0.10000000,9000000.00000000,0.10000000,
BATUSDT,BAT,USDT,TRADING,0.00010000,1000.00000000,0.00010000,1.00000000,900000.00000000,1.00000000,
XMRUSDT,XMR,USDT,BREAK,0.10000000,100000.00000000,0.10000000,0.00100000,90000.00000000,0.00100000,
ZECUSDT,ZEC,USDT,TRADING,0.01000000,100000.00000000,0.01000000,0.00100000,90000.00000000,0.00100000,
IOSTUSDT,IOST,USDT,TRADING,0.00000100,1000.00000000,0.00000100,1.00000000,9000000.00000000,1.00000000,
CELRUSDT,CELR,USDT,TRADING,0.00001000,10000.00000000,0.00001000,0.10000000,9222449.00000000,0.10000000,
DASHUSDT,DASH,USDT,TRADING,0.01000000,100000.00000000,0.01000000,0.00100000,90000.00000000,0.00100000,
NANOUSDT,NANO,USDT,BREAK,0.00100000,1000.00000000,0.00100000,0.10000000,900000.00000000,0.10000000,
OMGUSDT,OMG,USDT,BREAK,0.00100000,1000.00000000,0.00100000,0.10000000,900000.00000000,0.10000000,
THETAUSDT,THETA,USDT,TRADING,0.00100000,10000.00000000,0.00100000,0.10000000,90000.00000000,0.10000000,
ENJUSDT,ENJ,USDT,TRADING,0.00010000,1000.00000000,0.00010000,0.10000000,900000.00000000,0.10000000,
MITHUSDT,MITH,USDT,BREAK,0.00001000,1000.00000000,0.00001000,0.10000000,9000000.00000000,0.10000000,
MATICUSDT,MATIC,USDT,BREAK,0.00010000,1000.00000000,0.00010000,0.10000000,9000000.00000000,0.10000000,
ATOMUSDT,ATOM,USDT,TRADING,0.00100000,10000.00000000,0.00100000,0.01000000,90000.00000000,0.01000000,
TFUELUSDT,TFUEL,USDT,TRADING,0.00001000,1000.00000000,0.00001000,1.00000000,9000000.00000000,1.00000000,
ONEUSDT,ONE,USDT,TRADING,0.00001000,1000.00000000,0.00001000,0.10000000,9000000.00000000,0.10000000,
FTMUSDT,FTM,USDT,TRADING,0.00010000,1000.00000000,0.00010000,1.00000000,9000000.00000000,1.00000000,
ALGOUSDT,ALGO,USDT,TRADING,0.00010000,100000.00000000,0.00010000,1.00000000,922327.00000000,1.00000000,
USDSBUSDT,USDSB,USDT,BREAK,0.00010000,1000.00000000,0.00010000,0.01000000,900000.00000000,0.01000000,
GTOUSDT,GTO,USDT,BREAK,0.00001000,1000.00000000,0.00001000,0.10000000,9000000.00000000,0.10000000,
ERDUSDT,ERD,USDT,BREAK,0.00000100,1000.00000000,0.00000100,1.00000000,9000000.00000000,1.00000000,
DOGEUSDT,DOGE,USDT,TRADING,0.00001000,1000.00000000,0.00001000,1.00000000,9000000.00000000,1.00000000,
DUSKUSDT,DUSK,USDT,TRADING,0.00010000,1000.00000000,0.00010000,1.00000000,9222449.00000000,1.00000000,
ANKRUSDT,ANKR,USDT,TRADING,0.00001000,1000.00000000,0.00001000,0.10000000,9000000.00000000,0.10000000,
WINUSDT,WIN,USDT,TRADING,0.00000001,100.00000000,0.00000001,1.00000000,913205152.00000000,1.00000000,
COSUSDT,COS,USDT,TRADING,0.00000100,5000.00000000,0.00000100,0.10000000,18443055.00000000,0.10000000,
NPXSUSDT,NPXS,USDT,BREAK,0.00000010,1000.00000000,0.00000010,1.00000000,92141578.00000000,1.00000000,
COCOSUSDT,COCOS,USDT,BREAK,0.00010000,1000.00000000,0.00010000,1.00000000,900000.00000000,1.00000000,
MTLUSDT,MTL,USDT,TRADING,0.00100000,1000.00000000,0.00100000,0.10000000,900000.00000000,0.10000000,
TOMOUSDT,TOMO,USDT,BREAK,0.00010000,1000.00000000,0.00010000,0.10000000,900000.00000000,0.10000000,
PERLUSDT,PERL,USDT,BREAK,0.00001000,1000.00000000,0.00001000,0.10000000,9000000.00000000,0.10000000,
DENTUSDT,DENT,USDT,TRADING,0.00000100,1000.00000000,0.00000100,1.00000000,90000000.00000000,1.00000000,
MFTUSDT,MFT,USDT,BREAK,0.00000100,1000.00000000,0.00000100,1.00000000,92141578.00000000,1.00000000,
KEYUSDT,KEY,USDT,BREAK,0.00000100,1000.00000000,0.00000100,1.00000000,92141578.00000000,1.00000000,
STORMUSDT,STORM,USDT,BREAK,0.00000100,1000.00000000,0.00000100,1.00000000,92141578.00000000,1.00000000,
DOCKUSDT,DOCK,USDT,BREAK,0.00001000,1000.00000000,0.00001000,1.00000000,9000000.00000000,1.00000000,
WANUSDT,WAN,USDT,TRADING,0.00010000,1000.00000000,0.00010000,1.00000000,900000.00000000,1.00000000,
FUNUSDT,FUN,USDT,TRADING,0.00000100,1000.00000000,0.00000100,1.00000000,92141578.00000000,1.00000000,
CVCUSDT,CVC,USDT,TRADING,0.00010000,1000.00000000,0.00010000,1.00000000,9000000.00000000,1.00000000,
CHZUSDT,CHZ,USDT,TRADING,0.00010000,1000.00000000,0.00010000,1.00000000,9000000.00000000,1.00000000,
BANDUSDT,BAND,USDT,TRADING,0.00100000,10000.00000000,0.00100000,0.10000000,90000.00000000,0.10000000,
BUSDUSDT,BUSD,USDT,BREAK,0.00010000,1000.00000000,0.00010000,1.00000000,15000000.00000000,1.00000000,
BEAMUSDT,BEAM,USDT,BREAK,0.00010000,1000.00000000,0.00010000,1.00000000,900000.00000000,1.00000000,
XTZUSDT,XTZ,USDT,TRADING,0.00100000,1000.00000000,0.00100000,0.10000000,900000.00000000,0.10000000,
RENUSDT,REN,USDT,BREAK,0.00001000,1000.00000000,0.00001000,1.00000000,9000000.00000000,1.00000000,
RVNUSDT,RVN,USDT,TRADING,0.00001000,1000.00000000,0.00001000,0.10000000,9000000.00000000,0.10000000,
HCUSDT,HC,USDT,BREAK,0.00010000,1000.00000000,0.00010000,0.01000000,900000.00000000,0.01000000,
HBARUSDT,HBAR,USDT,TRADING,0.00001000,1000.00000000,0.00001000,1.00000000,9000000.00000000,1.00000000,
NKNUSDT,NKN,USDT,TRADING,0.00010000,1000.00000000,0.00010000,1.00000000,9000000.00000000,1.00000000,
STXUSDT,STX,USDT,TRADING,0.00100000,1000.00000000,0.00100000,0.10000000,900000.00000000,0.10000000,
KAVAUSDT,KAVA,USDT,TRADING,0.00010000,1000.00000000,0.00010000,0.10000000,900000.00000000,0.10000000,
ARPAUSDT,ARPA,USDT,TRADING,0.00001000,1000.00000000,0.00001000,0.10000000,9000000.00000000,0.10000000,
IOTXUSDT,IOTX,USDT,TRADING,0.00001000,1000.00000000,0.00001000,1.00000000,92141578.00000000,1.00000000,
RLCUSDT,RLC,USDT,TRADING,0.00100000,1000.00000000,0.00100000,0.10000000,900000.00000000,0.10000000,
MCOUSDT,MCO,USDT,BREAK,0.00100000,10000.00000000,0.00100000,0.00100000,90000.00000000,0.00100000,
CTXCUSDT,CTXC,USDT,TRADING,0.00010000,1000.00000000,0.00010000,1.00000000,9222449.00000000,1.00000000,
BCHUSDT,BCH,USDT,TRADING,0.10000000,100000.00000000,0.10000000,0.00100000,90000.00000000,0.00100000,
TROYUSDT,TROY,USDT,TRADING,0.00000100,1000.00000000,0.00000100,1.00000000,92141578.00000000,1.00000000,
VITEUSDT,VITE,USDT,TRADING,0.00001000,1000.00000000,0.00001000,0.10000000,9000000.00000000,0.10000000,
FTTUSDT,FTT,USDT,TRADING,0.00010000,100000.00000000,0.00010000,0.01000000,922327.00000000,0.01000000,
EURUSDT,EUR,USDT,TRADING,0.00010000,1000.00000000,0.00010000,0.10000000,6000000.00000000,0.10000000,
OGNUSDT,OGN,USDT,TRADING,0.00010000,1000.00000000,0.00010000,1.00000000,900000.00000000,1.00000000,
DREPUSDT,DREP,USDT,BREAK,0.00010000,1000.00000000,0.00010000,1.00000000,92141578.00000000,1.00000000,
BULLUSDT,BULL,USDT,BREAK,0.01000000,1000000.00000000,0.01000000,0.00000100,9000.00000000,0.00000100,
BEARUSDT,BEAR,USDT,BREAK,0.01000000,100000.00000000,0.01000000,0.00001000,90000.00000000,0.00001000,
ETHBULLUSDT,ETHBULL,USDT,BREAK,0.01000000,1000000.00000000,0.01000000,0.00000100,9000.00000000,0.00000100,
ETHBEARUSDT,ETHBEAR,USDT,BREAK,0.01000000,100000.00000000,0.01000000,0.00001000,90000.00000000,0.00001000,
TCTUSDT,TCT,USDT,BREAK,0.00001000,1000.00000000,0.00001000,1.00000000,9000000.00000000,1.00000000,
WRXUSDT,WRX,USDT,BREAK,0.00010000,1000.00000000,0.00010000,0.10000000,900000.00000000,0.10000000,
BTSUSDT,BTS,USDT,BREAK,0.00001000,1000.00000000,0.00001000,0.10000000,9000000.00000000,0.10000000,
LSKUSDT,LSK,USDT,TRADING,0.00100000,1000.00000000,0.00100000,0.10000000,900000.00000000,0.10000000,
BNTUSDT,BNT,USDT,TRADING,0.00010000,1000.00000000,0.00010000,0.10000000,900000.00000000,0.10000000,
LTOUSDT,LTO,USDT,TRADING,0.00010000,1000.00000000,0.00010000,1.00000000,9000000.00000000,1.00000000,
EOSBULLUSDT,EOSBULL,USDT,BREAK,0.01000000,1000007.00000000,0.01000000,0.00001000,92232.00000000,0.00001000,
EOSBEARUSDT,EOSBEAR,USDT,BREAK,0.01000000,100000.00000000,0.01000000,0.00001000,90000.00000000,0.00001000,
XRPBULLUSDT,XRPBULL,USDT,BREAK,0.01000000,100000.00000000,0.01000000,0.00001000,90000.00000000,0.00001000,
XRPBEARUSDT,XRPBEAR,USDT,BREAK,0.01000000,100000.00000000,0.01000000,0.00001000,90000.00000000,0.00001000,
STRATUSDT,STRAT,USDT,BREAK,0.00010000,1000.00000000,0.00010000,0.01000000,900000.00000000,0.01000000,
AIONUSDT,AION,USDT,BREAK,0.00001000,1000.00000000,0.00001000,1.00000000,9222449.00000000,1.00000000,
MBLUSDT,MBL,USDT,TRADING,0.00000100,1000.00000000,0.00000100,1.00000000,92141578.00000000,1.00000000,
COTIUSDT,COTI,USDT,TRADING,0.00001000,1000.00000000,0.00001000,1.00000000,9000000.00000000,1.00000000,
BNBBULLUSDT,BNBBULL,USDT,BREAK,0.01000000,100000.00000000,0.01000000,0.00001000,90000.00000000,0.00001000,
BNBBEARUSDT,BNBBEAR,USDT,BREAK,0.01000000,100000.00000000,0.01000000,0.00001000,90000.00000000,0.00001000,
STPTUSDT,STPT,USDT,TRADING,0.00001000,1000.00000000,0.00001000,0.10000000,9000000.00000000,0.10000000,
WTCUSDT,WTC,USDT,BREAK,0.00010000,1000.00000000,0.00010000,1.00000000,900000.00000000,1.00000000,
DATAUSDT,DATA,USDT,TRADING,0.00001000,1000.00000000,0.00001000,0.10000000,9000000.00000000,0.10000000,
XZCUSDT,XZC,USDT,BREAK,0.00100000,10000.00000000,0.00100000,0.00100000,90000.00000000,0.00100000,
SOLUSDT,SOL,USDT,TRADING,0.01000000,10000.00000000,0.01000000,0.00100000,90000.00000000,0.00100000,
CTSIUSDT,CTSI,USDT,TRADING,0.00010000,1000.00000000,0.00010000,1.00000000,9000000.00000000,1.00000000,
HIVEUSDT,HIVE,USDT,TRADING,0.00010000,1000.00000000,0.00010000,1.00000000,900000.00000000,1.00000000,
CHRUSDT,CHR,USDT,TRADING,0.00010000,1000.00000000,0.00010000,1.00000000,9000000.00000000,1.00000000,
BTCUPUSDT,BTCUP,USDT,BREAK,1.67300000,31.78000000,0.00100000,0.01000000,3000.00000000,0.01000000,
BTCDOWNUSDT,BTCDOWN,USDT,BREAK,0.00011940,0.00226720,0.00000010,0.01000000,921415.00000000,0.01000000,
GXSUSDT,GXS,USDT,BREAK,0.00010000,1000.00000000,0.00010000,1.00000000,900000.00000000,1.00000000,
ARDRUSDT,ARDR,USDT,TRADING,0.00001000,1000.00000000,0.00001000,1.00000000,9000000.00000000,1.00000000,
LENDUSDT,LEND,USDT,BREAK,0.00001000,1000.00000000,0.00001000,0.10000000,9000000.00000000,0.10000000,
MDTUSDT,MDT,USDT,TRADING,0.00001000,1000.00000000,0.00001000,0.10000000,9000000.00000000,0.10000000,
STMXUSDT,STMX,USDT,TRADING,0.00000100,1000.00000000,0.00000100,1.00000000,92141578.00000000,1.00000000,
KNCUSDT,KNC,USDT,TRADING,0.00010000,10000.00000000,0.00010000,0.10000000,9222449.00000000,0.10000000,
REPUSDT,REP,USDT,BREAK,0.01000000,10000.00000000,0.01000000,0.01000000,90000.00000000,0.01000000,
LRCUSDT,LRC,USDT,TRADING,0.00010000,1000.00000000,0.00010000,1.00000000,9000000.00000000,1.00000000,
PNTUSDT,PNT,USDT,BREAK,0.00010000,1000.00000000,0.00010000,1.00000000,900000.00000000,1.00000000,
COMPUSDT,COMP,USDT,TRADING,0.01000000,100000.00000000,0.01000000,0.00100000,90000.00000000,0.00100000,
BKRWUSDT,BKRW,USDT,BREAK,0.00000010,1000.00000000,0.00000010,1.00000000,90000000.00000000,1.00000000,
SCUSDT,SC,USDT,TRADING,0.00000100,1000.00000000,0.00000100,1.00000000,92141578.00000000,1.00000000,
ZENUSDT,ZEN,USDT,TRADING,0.01000000,100000.00000000,0.01000000,0.01000000,900000.00000000,0.01000000,
SNXUSDT,SNX,USDT,TRADING,0.00100000,10000.00000000,0.00100000,0.10000000,90000.00000000,0.10000000,
ETHUPUSDT,ETHUP,USDT,BREAK,1.18000000,22.41500000,0.00100000,0.01000000,3000.00000000,0.01000000,
ETHDOWNUSDT,ETHDOWN,USDT,BREAK,0.00459000,0.08718000,0.00001000,0.01000000,100000000.00000000,0.01000000,
ADAUPUSDT,ADAUP,USDT,BREAK,0.01100000,0.20200000,0.00100000,0.01000000,920000.00000000,0.01000000,
ADADOWNUSDT,ADADOWN,USDT,BREAK,0.00019400,0.00367100,0.00000100,0.01000000,100000000.00000000,0.01000000,
LINKUPUSDT,LINKUP,USDT,BREAK,0.00001000,100000.00000000,0.00001000,0.01000000,920000.00000000,0.01000000,
LINKDOWNUSDT,LINKDOWN,USDT,BREAK,0.00000100,921.40000000,0.00000100,0.01000000,300000.00000000,0.01000000,
VTHOUSDT,VTHO,USDT,TRADING,0.00000100,1000.00000000,0.00000100,1.00000000,92141578.00000000,1.00000000,
DGBUSDT,DGB,USDT,TRADING,0.00001000,1000.00000000,0.00001000,0.10000000,9000000.00000000,0.10000000,
GBPUSDT,GBP,USDT,BREAK,0.00100000,1000.00000000,0.00100000,0.10000000,900000.00000000,0.10000000,
SXPUSDT,SXP,USDT,TRADING,0.00010000,10000.00000000,0.00010000,0.10000000,922327.00000000,0.10000000,
MKRUSDT,MKR,USDT,TRADING,1.00000000,100000.00000000,1.00000000,0.00010000,90000.00000000,0.00010000,
DAIUSDT,DAI,USDT,BREAK,0.00010000,1000.00000000,0.00010000,0.01000000,900000.00000000,0.01000000,
DCRUSDT,DCR,USDT,TRADING,0.01000000,100000.00000000,0.01000000,0.00100000,900000.00000000,0.00100000,
STORJUSDT,STORJ,USDT,TRADING,0.00010000,1000.00000000,0.00010000,1.00000000,900000.00000000,1.00000000,
BNBUPUSDT,BNBUP,USDT,BREAK,6.24000000,118.40000000,0.01000000,0.01000000,500.00000000,0.01000000,
BNBDOWNUSDT,BNBDOWN,USDT,BREAK,0.00021800,0.00413400,0.00000100,0.01000000,920000.00000000,0.01000000,
XTZUPUSDT,XTZUP,USDT,BREAK,0.00026000,0.00492800,0.00000100,0.01000000,920000.00000000,0.01000000,
XTZDOWNUSDT,XTZDOWN,USDT,BREAK,0.25880000,4.91690000,0.00010000,0.01000000,49991176.00000000,0.01000000,
MANAUSDT,MANA,USDT,TRADING,0.00010000,1000.00000000,0.00010000,1.00000000,900000.00000000,1.00000000,
AUDUSDT,AUD,USDT,BREAK,0.00010000,1000.00000000,0.00010000,1.00000000,9000000.00000000,1.00000000,
YFIUSDT,YFI,USDT,TRADING,1.00000000,1000000.00000000,1.00000000,0.00001000,9000.00000000,0.00001000,
BALUSDT,BAL,USDT,TRADING,0.00100000,10000.00000000,0.00100000,0.01000000,90000.00000000,0.01000000,
BLZUSDT,BLZ,USDT,BREAK,0.00010000,1000.00000000,0.00010000,1.00000000,9000000.00000000,1.00000000,
IRISUSDT,IRIS,USDT,BREAK,0.00001000,1000.00000000,0.00001000,0.10000000,9000000.00000000,0.10000000,
KMDUSDT,KMD,USDT,TRADING,0.00010000,1000.00000000,0.00010000,1.00000000,900000.00000000,1.00000000,
JSTUSDT,JST,USDT,TRADING,0.00001000,1000.00000000,0.00001000,0.10000000,9000000.00000000,0.10000000,
SRMUSDT,SRM,USDT,BREAK,0.00001000,1000.00000000,0.00001000,0.10000000,900000.00000000,0.10000000,
ANTUSDT,ANT,USDT,BREAK,0.00100000,1000.00000000,0.00100000,0.10000000,900000.00000000,0.10000000,
CRVUSDT,CRV,USDT,TRADING,0.00010000,10000.00000000,0.00010000,0.10000000,922327.00000000,0.10000000,
SANDUSDT,SAND,USDT,TRADING,0.00010000,1000.00000000,0.00010000,1.00000000,9000000.00000000,1.00000000,
OCEANUSDT,OCEAN,USDT,BREAK,0.00010000,1000.00000000,0.00010000,1.00000000,900000.00000000,1.00000000,
NMRUSDT,NMR,USDT,TRADING,0.01000000,10000.00000000,0.01000000,0.01000000,90000.00000000,0.01000000,
DOTUSDT,DOT,USDT,TRADING,0.00100000,10000.00000000,0.00100000,0.01000000,90000.00000000,0.01000000,
LUNAUSDT,LUNA,USDT,TRADING,0.00010000,1000.00000000,0.00010000,0.01000000,92141578.00000000,0.01000000,
RSRUSDT,RSR,USDT,TRADING,0.00000100,1000.00000000,0.00000100,0.10000000,9000000.00000000,0.10000000,
PAXGUSDT,PAXG,USDT,TRADING,1.00000000,1000000.00000000,1.00000000,0.00010000,9000.00000000,0.00010000,
WNXMUSDT,WNXM,USDT,BREAK,0.01000000,10000.00000000,0.01000000,0.01000000,90000.00000000,0.01000000,
TRBUSDT,TRB,USDT,TRADING,0.01000000,10000.00000000,0.01000000,0.00100000,90000.00000000,0.00100000,
BZRXUSDT,BZRX,USDT,BREAK,0.00010000,1000.00000000,0.00010000,1.00000000,900000.00000000,1.00000000,
SUSHIUSDT,SUSHI,USDT,TRADING,0.00100000,10000.00000000,0.00100000,0.10000000,90000.00000000,0.10000000,
YFIIUSDT,YFII,USDT,BREAK,0.10000000,1000000.00000000,0.10000000,0.00010000,9000.00000000,0.00010000,
KSMUSDT,KSM,USDT,TRADING,0.01000000,100000.00000000,0.01000000,0.00100000,900000.00000000,0.00100000,
EGLDUSDT,EGLD,USDT,TRADING,0.01000000,100000.00000000,0.01000000,0.01000000,900000.00000000,0.01000000,
DIAUSDT,DIA,USDT,TRADING,0.00010000,10000.00000000,0.00010000,0.10000000,922327.00000000,0.10000000,
RUNEUSDT,RUNE,USDT,TRADING,0.00100000,10000.00000000,0.00100000,0.10000000,90000.00000000,0.10000000,
FIOUSDT,FIO,USDT,TRADING,0.00001000,1000.00000000,0.00001000,1.00000000,9222449.00000000,1.00000000,
UMAUSDT,UMA,USDT,TRADING,0.00100000,10000.00000000,0.00100000,0.10000000,90000.00000000,0.10000000,
EOSUPUSDT,EOSUP,USDT,BREAK,0.02120000,0.40210000,0.00010000,0.01000000,920000.00000000,0.01000000,
EOSDOWNUSDT,EOSDOWN,USDT,BREAK,0.00003760,0.00071410,0.00000010,0.01000000,69980060.00000000,0.01000000,
TRXUPUSDT,TRXUP,USDT,BREAK,0.00001000,100000.00000000,0.00001000,0.01000000,920000.00000000,0.01000000,
TRXDOWNUSDT,TRXDOWN,USDT,BREAK,0.00100000,1024.00000000,0.00100000,0.01000000,89984117.00000000,0.01000000,
XRPUPUSDT,XRPUP,USDT,BREAK,0.00910000,0.17230000,0.00010000,0.01000000,920000.00000000,0.01000000,
XRPDOWNUSDT,XRPDOWN,USDT,BREAK,0.00000812,0.00015418,0.00000001,0.01000000,99999999.00000000,0.01000000,
DOTUPUSDT,DOTUP,USDT,BREAK,0.00010000,100000.00000000,0.00010000,0.01000000,920000.00000000,0.01000000,
DOTDOWNUSDT,DOTDOWN,USDT,BREAK,0.00100000,921.40000000,0.00100000,0.01000000,100000000.00000000,0.01000000,
BELUSDT,BEL,USDT,TRADING,0.00010000,1000.00000000,0.00010000,0.10000000,900000.00000000,0.10000000,
WINGUSDT,WING,USDT,TRADING,0.00100000,10000.00000000,0.00100000,0.01000000,90000.00000000,0.01000000,
LTCUPUSDT,LTCUP,USDT,BREAK,0.04860000,0.92300000,0.00010000,0.01000000,920000.00000000,0.01000000,
LTCDOWNUSDT,LTCDOWN,USDT,BREAK,0.22280000,4.23210000,0.00010000,0.01000000,610819340.00000000,0.01000000,
UNIUSDT,UNI,USDT,TRADING,0.00100000,10000.00000000,0.00100000,0.01000000,90000.00000000,0.01000000,
NBSUSDT,NBS,USDT,BREAK,0.00001000,1000.00000000,0.00001000,0.10000000,92141578.00000000,0.10000000,
OXTUSDT,OXT,USDT,TRADING,0.00010000,1000.00000000,0.00010000,1.00000000,900000.00000000,1.00000000,
SUNUSDT,SUN,USDT,TRADING,0.00001000,1000.00000000,0.00001000,1.00000000,92141578.00000000,1.00000000,
AVAXUSDT,AVAX,USDT,TRADING,0.01000000,10000.00000000,0.01000000,0.01000000,90000.00000000,0.01000000,
HNTUSDT,HNT,USDT,BREAK,0.01000000,10000.00000000,0.01000000,0.01000000,90000.00000000,0.01000000,
FLMUSDT,FLM,USDT,TRADING,0.00010000,1000.00000000,0.00010000,1.00000000,900000.00000000,1.00000000,
UNIUPUSDT,UNIUP,USDT,BREAK,0.10700000,2.01800000,0.00100000,0.01000000,920000.00000000,0.01000000,
UNIDOWNUSDT,UNIDOWN,USDT,BREAK,0.21900000,4.15000000,0.00100000,0.01000000,99999999.00000000,0.01000000,
ORNUSDT,ORN,USDT,BREAK,0.00100000,10000.00000000,0.00100000,0.10000000,90000.00000000,0.10000000,
UTKUSDT,UTK,USDT,TRADING,0.00001000,1000.00000000,0.00001000,1.00000000,900000.00000000,1.00000000,
XVSUSDT,XVS,USDT,TRADING,0.01000000,1000.00000000,0.01000000,0.01000000,900000.00000000,0.01000000,
ALPHAUSDT,ALPHA,USDT,TRADING,0.00010000,1000.00000000,0.00010000,1.00000000,900000.00000000,1.00000000,
AAVEUSDT,AAVE,USDT,TRADING,0.01000000,100000.00000000,0.01000000,0.00100000,900000.00000000,0.00100000,
NEARUSDT,NEAR,USDT,TRADING,0.00100000,1000.00000000,0.00100000,0.10000000,900000.00000000,0.10000000,
SXPUPUSDT,SXPUP,USDT,BREAK,0.01745000,0.33141000,0.00001000,0.01000000,920000.00000000,0.01000000,
SXPDOWNUSDT,SXPDOWN,USDT,BREAK,0.00897000,0.17035000,0.00001000,0.01000000,100000000.00000000,0.01000000,
FILUSDT,FIL,USDT,TRADING,0.00100000,10000.00000000,0.00100000,0.01000000,9222449.00000000,0.01000000,
FILUPUSDT,FILUP,USDT,BREAK,0.00010000,100000.00000000,0.00010000,0.01000000,920000.00000000,0.01000000,
FILDOWNUSDT,FILDOWN,USDT,BREAK,0.00000010,4611.00000000,0.00000010,0.01000000,19998638.00000000,0.01000000,
YFIUPUSDT,YFIUP,USDT,BREAK,0.01170000,0.22040000,0.00010000,0.01000000,920000.00000000,0.01000000,
YFIDOWNUSDT,YFIDOWN,USDT,BREAK,0.09200000,1.74790000,0.00010000,0.01000000,30000.00000000,0.01000000,
INJUSDT,INJ,USDT,TRADING,0.01000000,10000.00000000,0.01000000,0.01000000,90000.00000000,0.01000000,
AUDIOUSDT,AUDIO,USDT,TRADING,0.00010000,1000.00000000,0.00010000,0.10000000,900000.00000000,0.10000000,
CTKUSDT,CTK,USDT,TRADING,0.00010000,1000.00000000,0.00010000,0.10000000,900000.00000000,0.10000000,
BCHUPUSDT,BCHUP,USDT,BREAK,0.00001000,100000.00000000,0.00001000,0.01000000,920000.00000000,0.01000000,
BCHDOWNUSDT,BCHDOWN,USDT,BREAK,0.00010000,100000.00000000,0.00010000,0.01000000,920000.00000000,0.01000000,
AKROUSDT,AKRO,USDT,BREAK,0.00000100,1000.00000000,0.00000100,1.00000000,9000000.00000000,1.00000000,
AXSUSDT,AXS,USDT,TRADING,0.00100000,1000.00000000,0.00100000,0.01000000,900000.00000000,0.01000000,
HARDUSDT,HARD,USDT,TRADING,0.00010000,1000.00000000,0.00010000,1.00000000,900000.00000000,1.00000000,
DNTUSDT,DNT,USDT,BREAK,0.00010000,1000.00000000,0.00010000,1.00000000,9000000.00000000,1.00000000,
STRAXUSDT,STRAX,USDT,TRADING,0.00001000,1000.00000000,0.00001000,1.00000000,92141578.00000000,1.00000000,
UNFIUSDT,UNFI,USDT,BREAK,0.00100000,10000.00000000,0.00100000,0.10000000,90000.00000000,0.10000000,
ROSEUSDT,ROSE,USDT,TRADING,0.00001000,1000.00000000,0.00001000,0.10000000,9000000.00000000,0.10000000,
AVAUSDT,AVA,USDT,TRADING,0.00010000,1000.00000000,0.00010000,0.10000000,900000.00000000,0.10000000,
XEMUSDT,XEM,USDT,BREAK,0.00001000,1000.00000000,0.00001000,1.00000000,9222449.00000000,1.00000000,
AAVEUPUSDT,AAVEUP,USDT,BREAK,0.05970000,1.13320000,0.00010000,0.01000000,920000.00000000,0.01000000,
AAVEDOWNUSDT,AAVEDOWN,USDT,BREAK,0.00047100,0.00893400,0.00000100,0.01000000,100000000.00000000,0.01000000,
SKLUSDT,SKL,USDT,TRADING,0.00001000,1000.00000000,0.00001000,1.00000000,9000000.00000000,1.00000000,
SUSDUSDT,SUSD,USDT,BREAK,0.00100000,1000.00000000,0.00100000,0.10000000,900000.00000000,0.10000000,
SUSHIUPUSDT,SUSHIUP,USDT,BREAK,0.00047000,0.00892200,0.00000100,0.01000000,150000.00000000,0.01000000,
SUSHIDOWNUSDT,SUSHIDOWN,USDT,BREAK,3.78000000,71.80200000,0.00100000,0.01000000,19998638.00000000,0.01000000,
XLMUPUSDT,XLMUP,USDT,BREAK,0.00244000,0.04624000,0.00001000,0.01000000,920000.00000000,0.01000000,
XLMDOWNUSDT,XLMDOWN,USDT,BREAK,0.43100000,8.18200000,0.00100000,0.01000000,399280174.00000000,0.01000000,
GRTUSDT,GRT,USDT,TRADING,0.00010000,1000.00000000,0.00010000,1.00000000,900000.00000000,1.00000000,
JUVUSDT,JUV,USDT,TRADING,0.00100000,10000.00000000,0.00100000,0.01000000,90000.00000000,0.01000000,
PSGUSDT,PSG,USDT,TRADING,0.00100000,10000.00000000,0.00100000,0.01000000,90000.00000000,0.01000000,
1INCHUSDT,1INCH,USDT,TRADING,0.00010000,1000.00000000,0.00010000,0.10000000,900000.00000000,0.10000000,
REEFUSDT,REEF,USDT,BREAK,0.00000100,1000.00000000,0.00000100,1.00000000,92141578.00000000,1.00000000,
OGUSDT,OG,USDT,TRADING,0.00100000,10000.00000000,0.00100000,0.10000000,90000.00000000,0.10000000,
ATMUSDT,ATM,USDT,TRADING,0.00100000,10000.00000000,0.00100000,0.01000000,90000.00000000,0.01000000,
ASRUSDT,ASR,USDT,TRADING,0.00100000,10000.00000000,0.00100000,0.10000000,90000.00000000,0.10000000,
CELOUSDT,CELO,USDT,TRADING,0.00010000,1000.00000000,0.00010000,0.10000000,900000.00000000,0.10000000,
RIFUSDT,RIF,USDT,TRADING,0.00010000,1000.00000000,0.00010000,1.00000000,9222449.00000000,1.00000000,
BTCSTUSDT,BTCST,USDT,BREAK,0.01000000,10000.00000000,0.01000000,0.01000000,90000.00000000,0.01000000,
TRUUSDT,TRU,USDT,TRADING,0.00010000,1000.00000000,0.00010000,1.00000000,9222449.00000000,1.00000000,
CKBUSDT,CKB,USDT,TRADING,0.00000100,1000.00000000,0.00000100,1.00000000,92141578.00000000,1.00000000,
TWTUSDT,TWT,USDT,TRADING,0.00010000,1000.00000000,0.00010000,1.00000000,900000.00000000,1.00000000,
FIROUSDT,FIRO,USDT,TRADING,0.00100000,10000.00000000,0.00100000,0.10000000,90000.00000000,0.10000000,
LITUSDT,LIT,USDT,TRADING,0.00100000,1000.00000000,0.00100000,0.10000000,900000.00000000,0.10000000,
SFPUSDT,SFP,USDT,TRADING,0.00010000,1000.00000000,0.00010000,1.00000000,900000.00000000,1.00000000,
DODOUSDT,DODO,USDT,TRADING,0.00010000,10000.00000000,0.00010000,0.10000000,9222449.00000000,0.10000000,
CAKEUSDT,CAKE,USDT,TRADING,0.00100000,10000.00000000,0.00100000,0.01000000,90000.00000000,0.01000000,
ACMUSDT,ACM,USDT,TRADING,0.00100000,10000.00000000,0.00100000,0.10000000,90000.00000000,0.10000000,
BADGERUSDT,BADGER,USDT,TRADING,0.00100000,10000.00000000,0.00100000,0.01000000,90000.00000000,0.01000000,
FISUSDT,FIS,USDT,TRADING,0.00010000,10000.00000000,0.00010000,1.00000000,9222449.00000000,1.00000000,
OMUSDT,OM,USDT,TRADING,0.00010000,1000.00000000,0.00010000,1.00000000,9222449.00000000,1.00000000,
PONDUSDT,POND,USDT,TRADING,0.00001000,1000.00000000,0.00001000,1.00000000,9222449.00000000,1.00000000,
DEGOUSDT,DEGO,USDT,TRADING,0.00100000,10000.00000000,0.00100000,0.01000000,90000.00000000,0.01000000,
ALICEUSDT,ALICE,USDT,TRADING,0.00100000,1000.00000000,0.00100000,0.01000000,900000.00000000,0.01000000,
LINAUSDT,LINA,USDT,TRADING,0.00000100,10000.00000000,0.00000100,1.00000000,9222449.00000000,1.00000000,
PERPUSDT,PERP,USDT,TRADING,0.00010000,10000.00000000,0.00010000,0.01000000,90000.00000000,0.01000000,
RAMPUSDT,RAMP,USDT,BREAK,0.00010000,1000.00000000,0.00010000,1.00000000,92141578.00000000,1.00000000,
SUPERUSDT,SUPER,USDT,TRADING,0.00010000,10000.00000000,0.00010000,1.00000000,9222449.00000000,1.00000000,
CFXUSDT,CFX,USDT,TRADING,0.00010000,10000.00000000,0.00010000,1.00000000,9222449.00000000,1.00000000,
EPSUSDT,EPS,USDT,BREAK,0.00010000,1000.00000000,0.00010000,1.00000000,92141578.00000000,1.00000000,
AUTOUSDT,AUTO,USDT,BREAK,0.10000000,1000000.00000000,0.10000000,0.00100000,9000.00000000,0.00100000,
TKOUSDT,TKO,USDT,TRADING,0.00010000,1000.00000000,0.00010000,0.10000000,900000.00000000,0.10000000,
PUNDIXUSDT,PUNDIX,USDT,TRADING,0.00010000,10000.00000000,0.00010000,0.10000000,9222449.00000000,0.10000000,
TLMUSDT,TLM,USDT,TRADING,0.00001000,1000.00000000,0.00001000,1.00000000,900000.00000000,1.00000000,
1INCHUPUSDT,1INCHUP,USDT,BREAK,0.00633000,0.12025500,0.00000100,0.01000000,300000.00000000,0.01000000,
1INCHDOWNUSDT,1INCHDOWN,USDT,BREAK,0.00062700,0.01190300,0.00000100,0.01000000,2999958.00000000,0.01000000,
BTGUSDT,BTG,USDT,BREAK,0.01000000,1000.00000000,0.01000000,0.01000000,92141578.00000000,0.01000000,
MIRUSDT,MIR,USDT,BREAK,0.00001000,10000.00000000,0.00001000,0.10000000,90000.00000000,0.10000000,
BARUSDT,BAR,USDT,TRADING,0.00100000,10000.00000000,0.00100000,0.01000000,90000.00000000,0.01000000,
FORTHUSDT,FORTH,USDT,TRADING,0.00100000,10000.00000000,0.00100000,0.01000000,90000.00000000,0.01000000,
BAKEUSDT,BAKE,USDT,TRADING,0.00010000,10000.00000000,0.00010000,0.10000000,9222449.00000000,0.10000000,
BURGERUSDT,BURGER,USDT,TRADING,0.00010000,10000.00000000,0.00010000,0.10000000,9222449.00000000,0.10000000,
SLPUSDT,SLP,USDT,TRADING,0.00000100,1000.00000000,0.00000100,1.00000000,90000000.00000000,1.00000000,
SHIBUSDT,SHIB,USDT,TRADING,0.00000001,1.00000000,0.00000001,1.00,46116860414.00,1.00,
ICPUSDT,ICP,USDT,TRADING,0.00100000,100000.00000000,0.00100000,0.01000000,922327.00000000,0.01000000,
ARUSDT,AR,USDT,TRADING,0.01000000,100000.00000000,0.01000000,0.01000000,100000.00000000,0.01000000,
POLSUSDT,POLS,USDT,BREAK,0.00010000,1000.00000000,0.00010000,0.10000000,92141578.00000000,0.10000000,
MDXUSDT,MDX,USDT,BREAK,0.00001000,1000.00000000,0.00001000,0.10000000,92141578.00000000,0.10000000,
MASKUSDT,MASK,USDT,TRADING,0.00100000,10000.00000000,0.00100000,0.10000000,9222449.00000000,0.10000000,
LPTUSDT,LPT,USDT,TRADING,0.00100000,10000.00000000,0.00100000,0.01000000,9222440.00000000,0.01000000,
NUUSDT,NU,USDT,BREAK,0.00010000,1000.00000000,0.00010000,1.00000000,92141578.00000000,1.00000000,
XVGUSDT,XVG,USDT,TRADING,0.00000100,10000.00000000,0.00000100,1.00000000,9222449.00000000,1.00000000,
ATAUSDT,ATA,USDT,TRADING,0.00010000,10000.00000000,0.00010000,1.00000000,9222449.00000000,1.00000000,
GTCUSDT,GTC,USDT,TRADING,0.00100000,10000.00000000,0.00100000,0.10000000,9222449.00000000,0.10000000,
TORNUSDT,TORN,USDT,BREAK,0.01000000,100000.00000000,0.01000000,0.01000000,922327.00000000,0.01000000,
KEEPUSDT,KEEP,USDT,BREAK,0.00010000,100000.00000000,0.00010000,1.00000000,922327.00000000,1.00000000,
ERNUSDT,ERN,USDT,TRADING,0.00100000,10000.00000000,0.00100000,0.10000000,9222449.00000000,0.10000000,
KLAYUSDT,KLAY,USDT,BREAK,0.00010000,10000.00000000,0.00010000,0.10000000,9222449.00000000,0.10000000,
PHAUSDT,PHA,USDT,TRADING,0.00010000,1000.00000000,0.00010000,1.00000000,92141578.00000000,1.00000000,
BONDUSDT,BOND,USDT,BREAK,0.00100000,10000.00000000,0.00100000,0.01000000,9222449.00000000,0.01000000,
MLNUSDT,MLN,USDT,TRADING,0.01000000,10000.00000000,0.01000000,0.00100000,9222449.00000000,0.00100000,
DEXEUSDT,DEXE,USDT,TRADING,0.00100000,1000.00000000,0.00100000,0.01000000,92141578.00000000,0.01000000,
C98USDT,C98,USDT,TRADING,0.00010000,1000.00000000,0.00010000,0.10000000,92141578.00000000,0.10000000,
CLVUSDT,CLV,USDT,TRADING,0.00001000,1000.00000000,0.00001000,0.10000000,92141578.00000000,0.10000000,
QNTUSDT,QNT,USDT,TRADING,0.10000000,100000.00000000,0.10000000,0.00100000,922327.00000000,0.00100000,
FLOWUSDT,FLOW,USDT,TRADING,0.00100000,100000.00000000,0.00100000,0.01000000,922327.00000000,0.01000000,
TVKUSDT,TVK,USDT,BREAK,0.00001000,1000.00000000,0.00001000,1.00000000,92141578.00000000,1.00000000,
MINAUSDT,MINA,USDT,TRADING,0.00010000,10000.00000000,0.00010000,0.10000000,9222449.00000000,0.10000000,
RAYUSDT,RAY,USDT,TRADING,0.00100000,10000.00000000,0.00100000,0.10000000,9222449.00000000,0.10000000,
FARMUSDT,FARM,USDT,TRADING,0.01000000,100000.00000000,0.01000000,0.00100000,922327.00000000,0.00100000,
ALPACAUSDT,ALPACA,USDT,TRADING,0.00010000,1000.00000000,0.00010000,0.10000000,92141578.00000000,0.10000000,
QUICKUSDT,QUICK,USDT,TRADING,0.00001000,1000.00000000,0.00001000,1.00000000,92141578.00000000,1.00000000,
MBOXUSDT,MBOX,USDT,TRADING,0.00010000,1000.00000000,0.00010000,0.10000000,92141578.00000000,0.10000000,
FORUSDT,FOR,USDT,BREAK,0.00001000,1000.00000000,0.00001000,1.00000000,92141578.00000000,1.00000000,
REQUSDT,REQ,USDT,TRADING,0.00010000,1000.00000000,0.00010000,1.00000000,92141578.00000000,1.00000000,
GHSTUSDT,GHST,USDT,TRADING,0.00100000,1000.00000000,0.00100000,0.10000000,92141578.00000000,0.10000000,
WAXPUSDT,WAXP,USDT,TRADING,0.00001000,1000.00000000,0.00001000,1.00000000,92141578.00000000,1.00000000,
TRIBEUSDT,TRIBE,USDT,BREAK,0.00010000,1000.00000000,0.00010000,1.00000000,92141578.00000000,1.00000000,
GNOUSDT,GNO,USDT,TRADING,0.10000000,100000.00000000,0.10000000,0.00100000,922327.00000000,0.00100000,
XECUSDT,XEC,USDT,TRADING,0.00000001,1.00000000,0.00000001,1.00,46116860414.00,1.00,
ELFUSDT,ELF,USDT,TRADING,0.00010000,1000.00000000,0.00010000,0.10000000,92141578.00000000,0.10000000,
DYDXUSDT,DYDX,USDT,TRADING,0.00010000,10000.00000000,0.00010000,0.01000000,9222449.00000000,0.01000000,
POLYUSDT,POLY,USDT,BREAK,0.00010000,100.00000000,0.00010000,0.10000000,913205152.00000000,0.10000000,
IDEXUSDT,IDEX,USDT,TRADING,0.00001000,100.00000000,0.00001000,0.10000000,913205152.00000000,0.10000000,
VIDTUSDT,VIDT,USDT,TRADING,0.00001000,100.00000000,0.00001000,1.00000000,913205152.00000000,1.00000000,
USDPUSDT,USDP,USDT,TRADING,0.00010000,1000.00000000,0.00010000,1.00000000,10000000.00000000,1.00000000,
GALAUSDT,GALA,USDT,TRADING,0.00001000,1000.00000000,0.00001000,1.00000000,92141578.00000000,1.00000000,
ILVUSDT,ILV,USDT,TRADING,0.01000000,100000.00000000,0.01000000,0.00100000,922327.00000000,0.00100000,
YGGUSDT,YGG,USDT,TRADING,0.00010000,1000.00000000,0.00010000,0.10000000,92141578.00000000,0.10000000,
SYSUSDT,SYS,USDT,TRADING,0.00010000,1000.00000000,0.00010000,1.00000000,92141578.00000000,1.00000000,
DFUSDT,DF,USDT,TRADING,0.00001000,1000.00000000,0.00001000,1.00000000,92141578.00000000,1.00000000,
FIDAUSDT,FIDA,USDT,TRADING,0.00010000,1000.00000000,0.00010000,0.10000000,92141578.00000000,0.10000000,
FRONTUSDT,FRONT,USDT,BREAK,0.00100000,1000.00000000,0.00100000,0.10000000,92141578.00000000,0.10000000,
CVPUSDT,CVP,USDT,BREAK,0.00010000,1000.00000000,0.00010000,0.10000000,92141578.00000000,0.10000000,
AGLDUSDT,AGLD,USDT,TRADING,0.00100000,1000.00000000,0.00100000,0.10000000,92141578.00000000,0.10000000,
RADUSDT,RAD,USDT,TRADING,0.00100000,1000.00000000,0.00100000,0.10000000,92141578.00000000,0.10000000,
BETAUSDT,BETA,USDT,TRADING,0.00001000,1000.00000000,0.00001000,1.00000000,92141578.00000000,1.00000000,
RAREUSDT,RARE,USDT,TRADING,0.00010000,1000.00000000,0.00010000,0.10000000,92141578.00000000,0.10000000,
LAZIOUSDT,LAZIO,USDT,TRADING,0.00100000,1000.00000000,0.00100000,0.01000000,92141578.00000000,0.01000000,
CHESSUSDT,CHESS,USDT,TRADING,0.00010000,1000.00000000,0.00010000,0.10000000,92141578.00000000,0.10000000,
ADXUSDT,ADX,USDT,TRADING,0.00010000,1000.00000000,0.00010000,1.00000000,92141578.00000000,1.00000000,
AUCTIONUSDT,AUCTION,USDT,TRADING,0.01000000,10000.00000000,0.01000000,0.01000000,9222449.00000000,0.01000000,
DARUSDT,DAR,USDT,BREAK,0.00001000,1000.00000000,0.00001000,1.00000000,92141578.00000000,1.00000000,
BNXUSDT,BNX,USDT,TRADING,0.00010000,10000.00000000,0.00010000,0.10000000,9222449.00000000,0.10000000,
RGTUSDT,RGT,USDT,BREAK,0.01000000,100000.00000000,0.01000000,0.01000000,922327.00000000,0.01000000,
MOVRUSDT,MOVR,USDT,TRADING,0.00100000,100000.00000000,0.00100000,0.00100000,922327.00000000,0.00100000,
CITYUSDT,CITY,USDT,TRADING,0.00100000,10000.00000000,0.00100000,0.01000000,9222449.00000000,0.01000000,
ENSUSDT,ENS,USDT,TRADING,0.01000000,10000.00000000,0.01000000,0.01000000,9222449.00000000,0.01000000,
KP3RUSDT,KP3R,USDT,BREAK,0.01000000,999990.00000000,0.01000000,0.01000000,92230.00000000,0.01000000,
QIUSDT,QI,USDT,TRADING,0.00001000,1000.00000000,0.00001000,1.00000000,92141578.00000000,1.00000000,
PORTOUSDT,PORTO,USDT,TRADING,0.00100000,1000.00000000,0.00100000,0.01000000,92141578.00000000,0.01000000,
POWRUSDT,POWR,USDT,TRADING,0.00010000,1000.00000000,0.00010000,1.00000000,92141578.00000000,1.00000000,
VGXUSDT,VGX,USDT,BREAK,0.00010000,1000.00000000,0.00010000,0.10000000,92141578.00000000,0.10000000,
JASMYUSDT,JASMY,USDT,TRADING,0.00001000,1000.00000000,0.00001000,0.10000000,92141578.00000000,0.10000000,
AMPUSDT,AMP,USDT,TRADING,0.00000100,1000.00000000,0.00000100,1.00000000,92141578.00000000,1.00000000,
PLAUSDT,PLA,USDT,BREAK,0.00010000,1000.00000000,0.00010000,0.01000000,92141578.00000000,0.01000000,
PYRUSDT,PYR,USDT,TRADING,0.00100000,10000.00000000,0.00100000,0.00100000,9222449.00000000,0.00100000,
RNDRUSDT,RNDR,USDT,BREAK,0.00100000,1000.00000000,0.00100000,0.01000000,92141578.00000000,0.01000000,
ALCXUSDT,ALCX,USDT,TRADING,0.01000000,999996.00000000,0.01000000,0.00010000,92233.00000000,0.00010000,
SANTOSUSDT,SANTOS,USDT,TRADING,0.00100000,1000.00000000,0.00100000,0.01000000,92141578.00000000,0.01000000,
MCUSDT,MC,USDT,BREAK,0.00010000,10000.00000000,0.00010000,0.01000000,9222449.00000000,0.01000000,
ANYUSDT,ANY,USDT,BREAK,0.01000000,10000.00000000,0.01000000,0.01000000,9222449.00000000,0.01000000,
BICOUSDT,BICO,USDT,TRADING,0.00010000,1000.00000000,0.00010000,0.01000000,92141578.00000000,0.01000000,
FLUXUSDT,FLUX,USDT,TRADING,0.00010000,1000.00000000,0.00010000,0.01000000,92141578.00000000,0.01000000,
FXSUSDT,FXS,USDT,TRADING,0.00100000,10000.00000000,0.00100000,0.10000000,9222449.00000000,0.10000000,
VOXELUSDT,VOXEL,USDT,TRADING,0.00010000,1000.00000000,0.00010000,0.10000000,92141578.00000000,0.10000000,
HIGHUSDT,HIGH,USDT,TRADING,0.00100000,10000.00000000,0.00100000,0.00100000,9222449.00000000,0.00100000,
CVXUSDT,CVX,USDT,TRADING,0.00100000,10000.00000000,0.00100000,0.00100000,9222449.00000000,0.00100000,
PEOPLEUSDT,PEOPLE,USDT,TRADING,0.00001000,1000.00000000,0.00001000,0.10000000,92141578.00000000,0.10000000,
OOKIUSDT,OOKI,USDT,BREAK,0.00000100,1000.00000000,0.00000100,1.00000000,92141578.00000000,1.00000000,
SPELLUSDT,SPELL,USDT,TRADING,0.00000010,1000.00000000,0.00000010,1.00000000,92141578.00000000,1.00000000,
USTUSDT,UST,USDT,BREAK,0.00000100,1.30000000,0.00000100,1.00000000,92141578.00000000,1.00000000,
JOEUSDT,JOE,USDT,TRADING,0.00010000,1000.00000000,0.00010000,0.01000000,92141578.00000000,0.01000000,
ACHUSDT,ACH,USDT,TRADING,0.00001000,1000.00000000,0.00001000,1.00000000,92141578.00000000,1.00000000,
IMXUSDT,IMX,USDT,TRADING,0.00100000,1000.00000000,0.00100000,0.01000000,92141578.00000000,0.01000000,
GLMRUSDT,GLMR,USDT,TRADING,0.00010000,1000.00000000,0.00010000,0.10000000,92141578.00000000,0.10000000,
LOKAUSDT,LOKA,USDT,TRADING,0.00010000,1000.00000000,0.00010000,0.10000000,92141578.00000000,0.10000000,
SCRTUSDT,SCRT,USDT,TRADING,0.00010000,1000.00000000,0.00010000,0.10000000,92141578.00000000,0.10000000,
API3USDT,API3,USDT,TRADING,0.00100000,1000.00000000,0.00100000,0.01000000,92141578.00000000,0.01000000,
BTTCUSDT,BTTC,USDT,TRADING,0.00000001,0.10000000,0.00000001,1.0,92233720368.0,1.0,
ACAUSDT,ACA,USDT,TRADING,0.00010000,1000.00000000,0.00010000,0.01000000,92141578.00000000,0.01000000,
ANCUSDT,ANC,USDT,BREAK,0.00001000,1000.00000000,0.00001000,0.01000000,92141578.00000000,0.01000000,
XNOUSDT,XNO,USDT,TRADING,0.00100000,1000.00000000,0.00100000,0.01000000,92141578.00000000,0.01000000,
WOOUSDT,WOO,USDT,TRADING,0.00010000,1000.00000000,0.00010000,0.10000000,92141578.00000000,0.10000000,
ALPINEUSDT,ALPINE,USDT,TRADING,0.00100000,1000.00000000,0.00100000,0.01000000,92141578.00000000,0.01000000,
TUSDT,T,USDT,TRADING,0.00001000,1000.00000000,0.00001000,0.10000000,92141578.00000000,0.10000000,
ASTRUSDT,ASTR,USDT,TRADING,0.00010000,1000.00000000,0.00010000,0.10000000,92141578.00000000,0.10000000,
GMTUSDT,GMT,USDT,TRADING,0.00010000,1000.00000000,0.00010000,0.10000000,92141578.00000000,0.10000000,
KDAUSDT,KDA,USDT,TRADING,0.00010000,1000.00000000,0.00010000,0.01000000,92141578.00000000,0.01000000,
APEUSDT,APE,USDT,TRADING,0.00100000,1000.00000000,0.00100000,0.01000000,92141578.00000000,0.01000000,
BSWUSDT,BSW,USDT,TRADING,0.00010000,1000.00000000,0.00010000,0.10000000,92141578.00000000,0.10000000,
BIFIUSDT,BIFI,USDT,TRADING,0.10000000,100000.00000000,0.10000000,0.00100000,90000.00000000,0.00100000,
MULTIUSDT,MULTI,USDT,BREAK,0.00100000,10000.00000000,0.00100000,0.00100000,9222449.00000000,0.00100000,
STEEMUSDT,STEEM,USDT,TRADING,0.00010000,1000.00000000,0.00010000,0.10000000,92141578.00000000,0.10000000,
MOBUSDT,MOB,USDT,BREAK,0.00010000,1000.00000000,0.00010000,0.01000000,92141578.00000000,0.01000000,
NEXOUSDT,NEXO,USDT,TRADING,0.00100000,1000.00000000,0.00100000,0.01000000,92141578.00000000,0.01000000,
REIUSDT,REI,USDT,TRADING,0.00001000,1000.00000000,0.00001000,0.10000000,92141578.00000000,0.10000000,
GALUSDT,GAL,USDT,BREAK,0.00100000,1000.00000000,0.00100000,0.00100000,92141578.00000000,0.00100000,
LDOUSDT,LDO,USDT,TRADING,0.00100000,1000.00000000,0.00100000,0.01000000,92141578.00000000,0.01000000,
EPXUSDT,EPX,USDT,BREAK,0.00000010,100.00000000,0.00000010,1.00000000,913205152.00000000,1.00000000,
OPUSDT,OP,USDT,TRADING,0.00100000,1000.00000000,0.00100000,0.01000000,92141578.00000000,0.01000000,
LEVERUSDT,LEVER,USDT,TRADING,0.00000100,100.00000000,0.00000100,1.00000000,913205152.00000000,1.00000000,
STGUSDT,STG,USDT,TRADING,0.00010000,100.00000000,0.00010000,0.10000000,913205152.00000000,0.10000000,
LUNCUSDT,LUNC,USDT,TRADING,0.00000001,10.00000000,0.00000001,0.01000000,8384883677.00000000,0.01000000,
GMXUSDT,GMX,USDT,TRADING,0.01000000,10000.00000000,0.01000000,0.00100000,9222449.00000000,0.00100000,
NEBLUSDT,NEBL,USDT,BREAK,0.00100000,1000.00000000,0.00100000,0.10000000,92141578.00000000,0.10000000,
POLYXUSDT,POLYX,USDT,TRADING,0.00010000,1000.00000000,0.00010000,0.10000000,92141578.00000000,0.10000000,
APTUSDT,APT,USDT,TRADING,0.01000000,1000.00000000,0.01000000,0.01000000,92141578.00000000,0.01000000,
OSMOUSDT,OSMO,USDT,TRADING,0.00010000,1000.00000000,0.00010000,0.01000000,92141578.00000000,0.01000000,
HFTUSDT,HFT,USDT,TRADING,0.00010000,1000.00000000,0.00010000,0.10000000,92141578.00000000,0.10000000,
PHBUSDT,PHB,USDT,TRADING,0.00100000,1000.00000000,0.00100000,0.10000000,92141578.00000000,0.10000000,
HOOKUSDT,HOOK,USDT,TRADING,0.00010000,1000.00000000,0.00010000,0.10000000,92141578.00000000,0.10000000,
MAGICUSDT,MAGIC,USDT,TRADING,0.00010000,1000.00000000,0.00010000,0.10000000,92141578.00000000,0.10000000,
HIFIUSDT,HIFI,USDT,TRADING,0.00010000,1000.00000000,0.00010000,0.10000000,92141578.00000000,0.10000000,
RPLUSDT,RPL,USDT,TRADING,0.01000000,10000.00000000,0.01000000,0.01000000,9222449.00000000,0.01000000,
PROSUSDT,PROS,USDT,TRADING,0.00010000,1000.00000000,0.00010000,1.00000000,92141578.00000000,1.00000000,
AGIXUSDT,AGIX,USDT,BREAK,0.00010000,1000.00000000,0.00010000,1.00000000,92141578.00000000,1.00000000,
GNSUSDT,GNS,USDT,TRADING,0.00100000,1000.00000000,0.00100000,0.01000000,92141578.00000000,0.01000000,
SYNUSDT,SYN,USDT,TRADING,0.00010000,1000.00000000,0.00010000,0.10000000,92141578.00000000,0.10000000,
VIBUSDT,VIB,USDT,TRADING,0.00001000,1000.00000000,0.00001000,1.00000000,92141578.00000000,1.00000000,
SSVUSDT,SSV,USDT,TRADING,0.01000000,10000.00000000,0.01000000,0.00100000,9222449.00000000,0.00100000,
LQTYUSDT,LQTY,USDT,TRADING,0.00100000,1000.00000000,0.00100000,0.10000000,92141578.00000000,0.10000000,
AMBUSDT,AMB,USDT,TRADING,0.00001000,100.00000000,0.00001000,1.00000000,913205152.00000000,1.00000000,
BETHUSDT,BETH,USDT,BREAK,0.01000000,1000000.00000000,0.01000000,0.00010000,9000.00000000,0.00010000,
USTCUSDT,USTC,USDT,TRADING,0.00001000,1000.00000000,0.00001000,1.00000000,92141578.00000000,1.00000000,
GASUSDT,GAS,USDT,TRADING,0.00100000,1000.00000000,0.00100000,0.10000000,92141578.00000000,0.10000000,
GLMUSDT,GLM,USDT,TRADING,0.00010000,1000.00000000,0.00010000,0.10000000,92141578.00000000,0.10000000,
PROMUSDT,PROM,USDT,TRADING,0.00100000,10000.00000000,0.00100000,0.01000000,90000.00000000,0.01000000,
QKCUSDT,QKC,USDT,TRADING,0.00000100,100.00000000,0.00000100,1.00000000,913205152.00000000,1.00000000,
UFTUSDT,UFT,USDT,TRADING,0.00010000,1000.00000000,0.00010000,1.00000000,900000.00000000,1.00000000,
IDUSDT,ID,USDT,TRADING,0.00010000,1000.00000000,0.00010000,1.00000000,92141578.00000000,1.00000000,
ARBUSDT,ARB,USDT,TRADING,0.00010000,1000.00000000,0.00010000,0.10000000,92141578.00000000,0.10000000,
LOOMUSDT,LOOM,USDT,BREAK,0.00001000,1000.00000000,0.00001000,1.00000000,92141578.00000000,1.00000000,
OAXUSDT,OAX,USDT,BREAK,0.00010000,1000.00000000,0.00010000,1.00000000,92141578.00000000,1.00000000,
RDNTUSDT,RDNT,USDT,TRADING,0.00010000,1000.00000000,0.00010000,1.00000000,92141578.00000000,1.00000000,
WBTCUSDT,WBTC,USDT,TRADING,0.01000000,1000000.00000000,0.01000000,0.00001000,9000.00000000,0.00001000,
EDUUSDT,EDU,USDT,TRADING,0.00010000,1000.00000000,0.00010000,1.00000000,92141578.00000000,1.00000000,
SUIUSDT,SUI,USDT,TRADING,0.00010000,1000.00000000,0.00010000,0.10000000,92141578.00000000,0.10000000,
AERGOUSDT,AERGO,USDT,TRADING,0.00010000,1000.00000000,0.00010000,1.00000000,9000000.00000000,1.00000000,
PEPEUSDT,PEPE,USDT,TRADING,0.00000001,0.10000000,0.00000001,1.00,92233720368.00,1.00,
FLOKIUSDT,FLOKI,USDT,TRADING,0.00000001,0.10000000,0.00000001,1.00,92233720368.00,1.00,
ASTUSDT,AST,USDT,TRADING,0.00010000,1000.00000000,0.00010000,1.00000000,92141578.00000000,1.00000000,
SNTUSDT,SNT,USDT,TRADING,0.00001000,1000.00000000,0.00001000,1.00000000,92141578.00000000,1.00000000,
COMBOUSDT,COMBO,USDT,TRADING,0.00010000,1000.00000000,0.00010000,0.10000000,92141578.00000000,0.10000000,
MAVUSDT,MAV,USDT,TRADING,0.00010000,1000.00000000,0.00010000,1.00000000,92141578.00000000,1.00000000,
PENDLEUSDT,PENDLE,USDT,TRADING,0.00100000,1000.00000000,0.00100000,0.10000000,92141578.00000000,0.10000000,
ARKMUSDT,ARKM,USDT,TRADING,0.00100000,1000.00000000,0.00100000,0.10000000,92141578.00000000,0.10000000,
WBETHUSDT,WBETH,USDT,TRADING,0.01000000,999996.00000000,0.01000000,0.00010000,92233.00000000,0.00010000,
WLDUSDT,WLD,USDT,TRADING,0.00100000,1000.00000000,0.00100000,0.10000000,92141578.00000000,0.10000000,
FDUSDUSDT,FDUSD,USDT,TRADING,0.00010000,1000.00000000,0.00010000,1.00000000,10000000.00000000,1.00000000,
SEIUSDT,SEI,USDT,TRADING,0.00010000,1000.00000000,0.00010000,0.10000000,92141578.00000000,0.10000000,
CYBERUSDT,CYBER,USDT,TRADING,0.00100000,1000.00000000,0.00100000,0.01000000,92141578.00000000,0.01000000,
ARKUSDT,ARK,USDT,TRADING,0.00010000,1000.00000000,0.00010000,1.00000000,92141578.00000000,1.00000000,
CREAMUSDT,CREAM,USDT,TRADING,0.01000000,100000.00000000,0.01000000,0.00100000,922327.00000000,0.00100000,
GFTUSDT,GFT,USDT,BREAK,0.00001000,1000.00000000,0.00001000,1.00000000,92141578.00000000,1.00000000,
IQUSDT,IQ,USDT,TRADING,0.00000100,1000.00000000,0.00000100,1.00000000,92141578.00000000,1.00000000,
NTRNUSDT,NTRN,USDT,TRADING,0.00010000,1000.00000000,0.00010000,0.10000000,92141578.00000000,0.10000000,
TIAUSDT,TIA,USDT,TRADING,0.00100000,1000.00000000,0.00100000,0.01000000,92141578.00000000,0.01000000,
MEMEUSDT,MEME,USDT,TRADING,0.00001000,100.00000000,0.00001000,1.00000000,913205152.00000000,1.00000000,
ORDIUSDT,ORDI,USDT,TRADING,0.01000000,10000.00000000,0.01000000,0.01000000,9222449.00000000,0.01000000,
BEAMXUSDT,BEAMX,USDT,TRADING,0.00001000,100.00000000,0.00001000,1.00000000,913205152.00000000,1.00000000,
PIVXUSDT,PIVX,USDT,TRADING,0.00010000,1000.00000000,0.00010000,1.00000000,92141578.00000000,1.00000000,
VICUSDT,VIC,USDT,TRADING,0.00010000,1000.00000000,0.00010000,0.01000000,92141578.00000000,0.01000000,
BLURUSDT,BLUR,USDT,TRADING,0.00010000,1000.00000000,0.00010000,0.10000000,92141578.00000000,0.10000000,
VANRYUSDT,VANRY,USDT,TRADING,0.00010000,1000.00000000,0.00010000,1.00000000,92141578.00000000,1.00000000,
AEURUSDT,AEUR,USDT,TRADING,0.75600000,1.40400000,0.00010000,0.10000000,6000000.00000000,0.10000000,
JTOUSDT,JTO,USDT,TRADING,0.00100000,1000.00000000,0.00100000,0.10000000,92141578.00000000,0.10000000,
1000SATSUSDT,1000SATS,USDT,TRADING,0.00000010,1.00000000,0.00000010,1.00,36348600000.00,1.00,
BONKUSDT,BONK,USDT,TRADING,0.00000001,1.00000000,0.00000001,1.00,36348600000.00,1.00,
ACEUSDT,ACE,USDT,TRADING,0.00100000,1000.00000000,0.00100000,0.10000000,92141578.00000000,0.10000000,
NFPUSDT,NFP,USDT,TRADING,0.00010000,1000.00000000,0.00010000,1.00000000,92141578.00000000,1.00000000,
AIUSDT,AI,USDT,TRADING,0.00010000,1000.00000000,0.00010000,0.10000000,92141578.00000000,0.10000000,
XAIUSDT,XAI,USDT,TRADING,0.00010000,1000.00000000,0.00010000,0.10000000,92141578.00000000,0.10000000,
MANTAUSDT,MANTA,USDT,TRADING,0.00100000,1000.00000000,0.00100000,0.10000000,92141578.00000000,0.10000000,
ALTUSDT,ALT,USDT,TRADING,0.00001000,1000.00000000,0.00001000,1.00000000,92141578.00000000,1.00000000,
JUPUSDT,JUP,USDT,TRADING,0.00010000,1000.00000000,0.00010000,0.10000000,92141578.00000000,0.10000000,
PYTHUSDT,PYTH,USDT,TRADING,0.00010000,1000.00000000,0.00010000,0.10000000,92141578.00000000,0.10000000,
RONINUSDT,RONIN,USDT,TRADING,0.00100000,10000.00000000,0.00100000,0.01000000,9222449.00000000,0.01000000,
DYMUSDT,DYM,USDT,TRADING,0.00100000,1000.00000000,0.00100000,0.10000000,92141578.00000000,0.10000000,
PIXELUSDT,PIXEL,USDT,TRADING,0.00010000,1000.00000000,0.00010000,0.10000000,92141578.00000000,0.10000000,
STRKUSDT,STRK,USDT,TRADING,0.00010000,1000.00000000,0.00010000,0.01000000,92141578.00000000,0.01000000,
PORTALUSDT,PORTAL,USDT,TRADING,0.00010000,1000.00000000,0.00010000,0.10000000,92141578.00000000,0.10000000,
PDAUSDT,PDA,USDT,TRADING,0.00001000,1000.00000000,0.00001000,0.10000000,92141578.00000000,0.10000000,
AXLUSDT,AXL,USDT,TRADING,0.00010000,1000.00000000,0.00010000,0.01000000,92141578.00000000,0.01000000,
WIFUSDT,WIF,USDT,TRADING,0.00100000,1000.00000000,0.00100000,0.01000000,92141578.00000000,0.01000000,
METISUSDT,METIS,USDT,TRADING,0.01000000,10000.00000000,0.01000000,0.00100000,9222449.00000000,0.00100000,
AEVOUSDT,AEVO,USDT,TRADING,0.00010000,10000.00000000,0.00010000,0.01000000,9222449.00000000,0.01000000,
BOMEUSDT,BOME,USDT,TRADING,0.00000100,1.00000000,0.00000100,1.00,46000000000.00,1.00,
ETHFIUSDT,ETHFI,USDT,TRADING,0.00100000,1000.00000000,0.00100000,0.10000000,92141578.00000000,0.10000000,
ENAUSDT,ENA,USDT,TRADING,0.00010000,1000.00000000,0.00010000,0.01000000,92141578.00000000,0.01000000,
WUSDT,W,USDT,TRADING,0.00010000,1000.00000000,0.00010000,0.10000000,92141578.00000000,0.10000000,
TNSRUSDT,TNSR,USDT,TRADING,0.00010000,1000.00000000,0.00010000,0.10000000,92141578.00000000,0.10000000,
SAGAUSDT,SAGA,USDT,TRADING,0.00010000,1000.00000000,0.00010000,0.10000000,92141578.00000000,0.10000000,
TAOUSDT,TAO,USDT,TRADING,0.10000000,100000.00000000,0.10000000,0.00010000,922327.00000000,0.00010000,
OMNIUSDT,OMNI,USDT,TRADING,0.01000000,10000.00000000,0.01000000,0.01000000,9222449.00000000,0.01000000,
REZUSDT,REZ,USDT,TRADING,0.00001000,1000.00000000,0.00001000,0.10000000,92141578.00000000,0.10000000,
BBUSDT,BB,USDT,TRADING,0.00010000,1000.00000000,0.00010000,0.10000000,92141578.00000000,0.10000000,
NOTUSDT,NOT,USDT,TRADING,0.00000100,10.00000000,0.00000100,1.00,8000000000.00,1.00,
IOUSDT,IO,USDT,TRADING,0.00100000,10000.00000000,0.00100000,0.01000000,9222449.00000000,0.01000000,
ZKUSDT,ZK,USDT,TRADING,0.00010000,1000.00000000,0.00010000,0.10000000,92141578.00000000,0.10000000,
LISTAUSDT,LISTA,USDT,TRADING,0.00010000,1000.00000000,0.00010000,0.10000000,92141578.00000000,0.10000000,
ZROUSDT,ZRO,USDT,TRADING,0.00100000,1000.00000000,0.00100000,0.01000000,92141578.00000000,0.01000000,
GUSDT,G,USDT,TRADING,0.00001000,1000.00000000,0.00001000,1.00000000,92141578.00000000,1.00000000,
BANANAUSDT,BANANA,USDT,TRADING,0.01000000,10000.00000000,0.01000000,0.00100000,9222449.00000000,0.00100000,
RENDERUSDT,RENDER,USDT,TRADING,0.00100000,1000.00000000,0.00100000,0.01000000,92141578.00000000,0.01000000,
TONUSDT,TON,USDT,TRADING,0.00100000,1000.00000000,0.00100000,0.01000000,92141578.00000000,0.01000000,
DOGSUSDT,DOGS,USDT,TRADING,0.00000010,1.00000000,0.00000010,1.00,36348600000.00,1.00,
EURIUSDT,EURI,USDT,TRADING,0.89600000,1.34400000,0.00010000,0.10000000,6000000.00000000,0.10000000,
SLFUSDT,SLF,USDT,TRADING,0.00010000,1000.00000000,0.00010000,0.10000000,92141578.00000000,0.10000000,
POLUSDT,POL,USDT,TRADING,0.00010000,1000.00000000,0.00010000,0.10000000,92141578.00000000,0.10000000,
NEIROUSDT,NEIRO,USDT,TRADING,0.00000001,1.00000000,0.00000001,1.00,36348600000.00,1.00,
TURBOUSDT,TURBO,USDT,TRADING,0.00000100,10.00000000,0.00000100,1.00000000,8384883677.00000000,1.00000000,
1MBABYDOGEUSDT,1MBABYDOGE,USDT,TRADING,0.00000010,1.00000000,0.00000010,1.00,36348600000.00,1.00,
CATIUSDT,CATI,USDT,TRADING,0.00010000,100.00000000,0.00010000,0.10000000,913205152.00000000,0.10000000,
HMSTRUSDT,HMSTR,USDT,TRADING,0.00000100,1.00000000,0.00000100,1.00,36348600000.00,1.00,
EIGENUSDT,EIGEN,USDT,TRADING,0.00100000,1000.00000000,0.00100000,0.01000000,92141578.00000000,0.01000000,
SCRUSDT,SCR,USDT,TRADING,0.00100000,1000.00000000,0.00100000,0.10000000,92141578.00000000,0.10000000,
BNSOLUSDT,BNSOL,USDT,TRADING,0.10000000,100000.00000000,0.10000000,0.00100000,922327.00000000,0.00100000,
LUMIAUSDT,LUMIA,USDT,TRADING,0.00100000,1000.00000000,0.00100000,0.01000000,92141578.00000000,0.01000000,
KAIAUSDT,KAIA,USDT,TRADING,0.00010000,100.00000000,0.00010000,0.10000000,913205152.00000000,0.10000000,
COWUSDT,COW,USDT,TRADING,0.00010000,100.00000000,0.00010000,0.10000000,913205152.00000000,0.10000000,
CETUSUSDT,CETUS,USDT,TRADING,0.00010000,100.00000000,0.00010000,0.10000000,913205152.00000000,0.10000000,
PNUTUSDT,PNUT,USDT,TRADING,0.00010000,100.00000000,0.00010000,0.10000000,913205152.00000000,0.10000000,
ACTUSDT,ACT,USDT,TRADING,0.00010000,100.00000000,0.00010000,0.10000000,913205152.00000000,0.10000000,
USUALUSDT,USUAL,USDT,TRADING,0.00010000,1000.00000000,0.00010000,0.10000000,92141578.00000000,0.10000000,
THEUSDT,THE,USDT,TRADING,0.00010000,1000.00000000,0.00010000,0.10000000,92141578.00000000,0.10000000,
ACXUSDT,ACX,USDT,TRADING,0.00010000,1000.00000000,0.00010000,0.10000000,92141578.00000000,0.10000000,
ORCAUSDT,ORCA,USDT,TRADING,0.00100000,1000.00000000,0.00100000,0.01000000,92141578.00000000,0.01000000,
MOVEUSDT,MOVE,USDT,TRADING,0.00010000,1000.00000000,0.00010000,0.10000000,92141578.00000000,0.10000000,
MEUSDT,ME,USDT,TRADING,0.00100000,1000.00000000,0.00100000,0.01000000,92141578.00000000,0.01000000,
VELODROMEUSDT,VELODROME,USDT,TRADING,0.00010000,1000.00000000,0.00010000,0.10000000,92141578.00000000,0.10000000,
VANAUSDT,VANA,USDT,TRADING,0.00100000,10000.00000000,0.00100000,0.01000000,9222449.00000000,0.01000000,
1000CATUSDT,1000CAT,USDT,TRADING,0.00001000,1000.00000000,0.00001000,0.10000000,92141578.00000000,0.10000000,
PENGUUSDT,PENGU,USDT,TRADING,0.00000100,1000.00000000,0.00000100,1.00000000,92141578.00000000,1.00000000,
BIOUSDT,BIO,USDT,TRADING,0.00010000,100.00000000,0.00010000,0.10000000,913205152.00000000,0.10000000,
DUSDT,D,USDT,TRADING,0.00001000,100.00000000,0.00001000,1.00000000,913205152.00000000,1.00000000,
AIXBTUSDT,AIXBT,USDT,TRADING,0.00010000,1000.00000000,0.00010000,0.10000000,92141578.00000000,0.10000000,
CGPTUSDT,CGPT,USDT,TRADING,0.00010000,1000.00000000,0.00010000,0.10000000,92141578.00000000,0.10000000,
COOKIEUSDT,COOKIE,USDT,TRADING,0.00010000,1000.00000000,0.00010000,0.10000000,92141578.00000000,0.10000000,
